,z,x,con1,con2,obj
0,5.385164807134504,1.0,22.42830236987513,11.94151184938868,28.588308165031194
1,5.385164807134504,1.0,22.428302369877738,11.941511849388423,28.5883081650338
2,2.980693746785649,1.2656542480726785e-14,4.574337391558973,17.52922772624372,8.561528424957896
3,2.126324000991148,8.633564462608677e-17,0.550724156795912,19.94735199801735,3.728100457981039
4,1.9833770833091104,0.0,0.020433821272424435,20.23324583338169,3.2035608292794233
5,1.9776481150873306,0.0,3.282107330937478e-05,20.244703769825403,3.1834263407895715
6,1.9776388834866911,0.0,8.589129407710061e-11,20.24472223302603,3.18339395172539
